State,Year,GEO.id2,GEO.display_label,County,State Abbr,Households,Poverty Households,ALICE Households,Above ALICE Households,ALICE Threshold - HH under 65,ALICE Threshold - HH 65 years and over,Source: American Community Survey 
Ohio,2010,39001,"Adams County, Ohio",Adams,OH,10878,2705,2943,5230,35000.0,30000.0,3-Year
Ohio,2012,39001,"Adams County, Ohio",Adams,OH,10870,2366,2988,5516,35000.0,30000.0,3-Year
Ohio,2014,39001,"Adams County, Ohio",Adams,OH,10734,2580,2691,5463,35000.0,30000.0,5-Year
Ohio,2016,39001,"Adams County, Ohio",Adams,OH,10885,2648,3265,4972,40000.0,35000.0,5-Year
Ohio,2018,39001,"Adams County, Ohio",Adams,OH,10835,2545,3375,4915,45000.0,35000.0,5-Year
Ohio,2019,39001,"Adams County, Ohio",Adams,OH,10673,2246,3352,5075,45000.0,35000.0,5-Year
Ohio,2021,39001,"Adams County, Ohio",Adams,OH,10163,1899,3322,4942,50000.0,40000.0,5-Year
Ohio,2022,39001,"Adams County, Ohio",Adams,OH,10175,2061,3320,4794,55415.059371362,43109.068119891,5-Year
Ohio,2010,39003,"Allen County, Ohio",Allen,OH,40615,6766,10222,23627,35000.0,30000.0,1-Year
Ohio,2012,39003,"Allen County, Ohio",Allen,OH,40366,7541,8044,24781,35000.0,30000.0,1-Year
Ohio,2014,39003,"Allen County, Ohio",Allen,OH,39412,7016,10688,21708,40000.0,35000.0,1-Year
Ohio,2016,39003,"Allen County, Ohio",Allen,OH,39982,6323,10582,23077,40000.0,35000.0,1-Year
Ohio,2018,39003,"Allen County, Ohio",Allen,OH,41204,5545,10227,25432,40000.0,35000.0,1-Year
Ohio,2019,39003,"Allen County, Ohio",Allen,OH,40460,4594,9092,26774,40000.0,40000.0,1-Year
Ohio,2021,39003,"Allen County, Ohio",Allen,OH,41021,6818,10144,24059,45000.0,40000.0,1-Year
Ohio,2022,39003,"Allen County, Ohio",Allen,OH,41028,4468,11176,25384,49793.9395895457,45144.1897308952,1-Year
Ohio,2010,39005,"Ashland County, Ohio",Ashland,OH,20083,3065,4952,12066,35000.0,30000.0,3-Year
Ohio,2012,39005,"Ashland County, Ohio",Ashland,OH,20261,2634,5232,12395,35000.0,30000.0,3-Year
Ohio,2014,39005,"Ashland County, Ohio",Ashland,OH,20339,2589,5323,12427,40000.0,30000.0,5-Year
Ohio,2016,39005,"Ashland County, Ohio",Ashland,OH,20391,2721,5143,12527,40000.0,35000.0,5-Year
Ohio,2018,39005,"Ashland County, Ohio",Ashland,OH,20439,2422,4788,13229,40000.0,35000.0,5-Year
Ohio,2019,39005,"Ashland County, Ohio",Ashland,OH,20417,2469,4602,13346,40000.0,35000.0,5-Year
Ohio,2021,39005,"Ashland County, Ohio",Ashland,OH,20531,2221,5549,12761,45000.0,45000.0,5-Year
Ohio,2022,39005,"Ashland County, Ohio",Ashland,OH,20478,2128,5642,12708,51369.4741252881,45996.0,5-Year
Ohio,2010,39007,"Ashtabula County, Ohio",Ashtabula,OH,38078,5762,10602,21714,35000.0,30000.0,1-Year
Ohio,2012,39007,"Ashtabula County, Ohio",Ashtabula,OH,39008,6948,11451,20609,35000.0,30000.0,1-Year
Ohio,2014,39007,"Ashtabula County, Ohio",Ashtabula,OH,38891,7606,9975,21310,35000.0,35000.0,1-Year
Ohio,2016,39007,"Ashtabula County, Ohio",Ashtabula,OH,38728,7122,9719,21887,40000.0,35000.0,1-Year
Ohio,2018,39007,"Ashtabula County, Ohio",Ashtabula,OH,35445,6720,10037,18688,45000.0,40000.0,1-Year
Ohio,2019,39007,"Ashtabula County, Ohio",Ashtabula,OH,39490,7648,10243,21599,40000.0,40000.0,1-Year
Ohio,2021,39007,"Ashtabula County, Ohio",Ashtabula,OH,39915,6416,11845,21654,45000.0,40000.0,1-Year
Ohio,2022,39007,"Ashtabula County, Ohio",Ashtabula,OH,38898,6646,11637,20615,52968.4718469769,43447.9869918699,1-Year
Ohio,2010,39009,"Athens County, Ohio",Athens,OH,21782,5808,6124,9850,40000.0,30000.0,3-Year
Ohio,2012,39009,"Athens County, Ohio",Athens,OH,22023,6512,6123,9388,45000.0,35000.0,3-Year
Ohio,2014,39009,"Athens County, Ohio",Athens,OH,22208,6779,6188,9241,45000.0,35000.0,5-Year
Ohio,2016,39009,"Athens County, Ohio",Athens,OH,21732,5608,6937,9187,50000.0,35000.0,1-Year
Ohio,2018,39009,"Athens County, Ohio",Athens,OH,22533,6838,6604,9091,50000.0,40000.0,1-Year
Ohio,2019,39009,"Athens County, Ohio",Athens,OH,22659,5510,6434,10715,50000.0,40000.0,1-Year
Ohio,2021,39009,"Athens County, Ohio",Athens,OH,22381,5603,5876,10902,50000.0,45000.0,5-Year
Ohio,2022,39009,"Athens County, Ohio",Athens,OH,22582,5597,6901,10084,58399.467109162,49577.8486334968,5-Year
Ohio,2010,39011,"Auglaize County, Ohio",Auglaize,OH,18287,1353,3290,13644,30000.0,30000.0,3-Year
Ohio,2012,39011,"Auglaize County, Ohio",Auglaize,OH,18418,1805,3837,12776,35000.0,30000.0,3-Year
Ohio,2014,39011,"Auglaize County, Ohio",Auglaize,OH,18115,1683,3537,12895,35000.0,30000.0,5-Year
Ohio,2016,39011,"Auglaize County, Ohio",Auglaize,OH,18231,1667,4470,12094,40000.0,35000.0,5-Year
Ohio,2018,39011,"Auglaize County, Ohio",Auglaize,OH,18723,1783,3675,13265,40000.0,35000.0,5-Year
Ohio,2019,39011,"Auglaize County, Ohio",Auglaize,OH,18888,1657,3558,13673,40000.0,35000.0,5-Year
Ohio,2021,39011,"Auglaize County, Ohio",Auglaize,OH,18872,1378,4114,13380,45000.0,45000.0,5-Year
Ohio,2022,39011,"Auglaize County, Ohio",Auglaize,OH,18858,1377,4132,13349,49803.5049727062,46367.6127620784,5-Year
Ohio,2010,39013,"Belmont County, Ohio",Belmont,OH,28228,3938,7475,16815,30000.0,30000.0,1-Year
Ohio,2012,39013,"Belmont County, Ohio",Belmont,OH,28549,4368,6247,17934,35000.0,30000.0,1-Year
Ohio,2014,39013,"Belmont County, Ohio",Belmont,OH,27205,4391,7240,15574,35000.0,35000.0,1-Year
Ohio,2016,39013,"Belmont County, Ohio",Belmont,OH,27240,4434,6716,16090,40000.0,35000.0,1-Year
Ohio,2018,39013,"Belmont County, Ohio",Belmont,OH,26200,3556,6715,15929,40000.0,35000.0,5-Year
Ohio,2019,39013,"Belmont County, Ohio",Belmont,OH,25651,2830,7380,15441,45000.0,35000.0,1-Year
Ohio,2021,39013,"Belmont County, Ohio",Belmont,OH,26949,4444,7793,14712,45000.0,45000.0,1-Year
Ohio,2022,39013,"Belmont County, Ohio",Belmont,OH,26781,5141,6671,14969,50444.1246781704,46092.0,1-Year
Ohio,2010,39015,"Brown County, Ohio",Brown,OH,15977,1862,3929,10186,35000.0,30000.0,3-Year
Ohio,2012,39015,"Brown County, Ohio",Brown,OH,16501,2317,4636,9548,40000.0,30000.0,3-Year
Ohio,2014,39015,"Brown County, Ohio",Brown,OH,16587,2441,4228,9918,40000.0,30000.0,5-Year
Ohio,2016,39015,"Brown County, Ohio",Brown,OH,17047,2622,3881,10544,40000.0,35000.0,5-Year
Ohio,2018,39015,"Brown County, Ohio",Brown,OH,17434,2674,3712,11048,40000.0,40000.0,5-Year
Ohio,2019,39015,"Brown County, Ohio",Brown,OH,17829,2643,3796,11390,40000.0,40000.0,5-Year
Ohio,2021,39015,"Brown County, Ohio",Brown,OH,16968,2852,4043,10073,50000.0,45000.0,5-Year
Ohio,2022,39015,"Brown County, Ohio",Brown,OH,16958,2788,3917,10253,54140.1214588634,45116.0874613003,5-Year
Ohio,2010,39017,"Butler County, Ohio",Butler,OH,135400,17022,36333,82045,45000.0,35000.0,1-Year
Ohio,2012,39017,"Butler County, Ohio",Butler,OH,132861,16382,40968,75511,50000.0,40000.0,1-Year
Ohio,2014,39017,"Butler County, Ohio",Butler,OH,134613,16899,36797,80917,50000.0,40000.0,1-Year
Ohio,2016,39017,"Butler County, Ohio",Butler,OH,137314,16488,35254,85572,50000.0,40000.0,1-Year
Ohio,2018,39017,"Butler County, Ohio",Butler,OH,143040,17796,40108,85136,50000.0,45000.0,1-Year
Ohio,2019,39017,"Butler County, Ohio",Butler,OH,140141,15862,32678,91601,50000.0,45000.0,1-Year
Ohio,2021,39017,"Butler County, Ohio",Butler,OH,146057,16689,41180,88188,60000.0,50000.0,1-Year
Ohio,2022,39017,"Butler County, Ohio",Butler,OH,148259,17637,40987,89635,61396.5160262791,53796.0,1-Year
Ohio,2010,39019,"Carroll County, Ohio",Carroll,OH,11453,1509,2965,6979,35000.0,30000.0,3-Year
Ohio,2012,39019,"Carroll County, Ohio",Carroll,OH,11226,1800,3108,6318,40000.0,30000.0,3-Year
Ohio,2014,39019,"Carroll County, Ohio",Carroll,OH,10922,1497,2941,6484,40000.0,35000.0,5-Year
Ohio,2016,39019,"Carroll County, Ohio",Carroll,OH,10871,1340,2709,6822,40000.0,35000.0,5-Year
Ohio,2018,39019,"Carroll County, Ohio",Carroll,OH,11126,1409,2901,6816,45000.0,35000.0,5-Year
Ohio,2019,39019,"Carroll County, Ohio",Carroll,OH,11298,1299,2570,7429,40000.0,40000.0,5-Year
Ohio,2021,39019,"Carroll County, Ohio",Carroll,OH,11300,1443,2942,6915,45000.0,45000.0,5-Year
Ohio,2022,39019,"Carroll County, Ohio",Carroll,OH,11355,1355,3103,6897,49061.2276319143,47976.0,5-Year
Ohio,2010,39021,"Champaign County, Ohio",Champaign,OH,15117,1681,3455,9981,35000.0,30000.0,3-Year
Ohio,2012,39021,"Champaign County, Ohio",Champaign,OH,15075,1759,3028,10288,35000.0,30000.0,3-Year
Ohio,2014,39021,"Champaign County, Ohio",Champaign,OH,15163,1543,4008,9612,40000.0,35000.0,5-Year
Ohio,2016,39021,"Champaign County, Ohio",Champaign,OH,15162,1576,3695,9891,40000.0,35000.0,5-Year
Ohio,2018,39021,"Champaign County, Ohio",Champaign,OH,15209,1546,3435,10228,40000.0,40000.0,5-Year
Ohio,2019,39021,"Champaign County, Ohio",Champaign,OH,15159,1514,3155,10490,40000.0,40000.0,5-Year
Ohio,2021,39021,"Champaign County, Ohio",Champaign,OH,15506,1544,3608,10354,45000.0,45000.0,5-Year
Ohio,2022,39021,"Champaign County, Ohio",Champaign,OH,15612,1378,3639,10595,50184.3161424816,45915.7894736842,5-Year
Ohio,2010,39023,"Clark County, Ohio",Clark,OH,55459,9874,13062,32523,35000.0,30000.0,1-Year
Ohio,2012,39023,"Clark County, Ohio",Clark,OH,54288,9979,15240,29069,40000.0,30000.0,1-Year
Ohio,2014,39023,"Clark County, Ohio",Clark,OH,55199,9534,14889,30776,40000.0,35000.0,1-Year
Ohio,2016,39023,"Clark County, Ohio",Clark,OH,54548,7569,13181,33798,35000.0,35000.0,1-Year
Ohio,2018,39023,"Clark County, Ohio",Clark,OH,55327,7694,12183,35450,40000.0,35000.0,1-Year
Ohio,2019,39023,"Clark County, Ohio",Clark,OH,54406,8341,12108,33957,40000.0,35000.0,1-Year
Ohio,2021,39023,"Clark County, Ohio",Clark,OH,57013,8900,12163,35950,45000.0,40000.0,1-Year
Ohio,2022,39023,"Clark County, Ohio",Clark,OH,56033,8653,14979,32401,51565.2524563973,43992.6857885053,1-Year
Ohio,2010,39025,"Clermont County, Ohio",Clermont,OH,71884,6111,19236,46537,40000.0,35000.0,1-Year
Ohio,2012,39025,"Clermont County, Ohio",Clermont,OH,75465,8026,21692,45747,45000.0,35000.0,1-Year
Ohio,2014,39025,"Clermont County, Ohio",Clermont,OH,75561,7593,19428,48540,45000.0,40000.0,1-Year
Ohio,2016,39025,"Clermont County, Ohio",Clermont,OH,77925,8918,18916,50091,45000.0,40000.0,1-Year
Ohio,2018,39025,"Clermont County, Ohio",Clermont,OH,77920,7161,20438,50321,50000.0,45000.0,1-Year
Ohio,2019,39025,"Clermont County, Ohio",Clermont,OH,80041,6707,20344,52990,50000.0,45000.0,1-Year
Ohio,2021,39025,"Clermont County, Ohio",Clermont,OH,84219,8932,18523,56764,50000.0,45000.0,1-Year
Ohio,2022,39025,"Clermont County, Ohio",Clermont,OH,84660,7687,21042,55931,59350.6530742275,52151.206682921,1-Year
Ohio,2010,39027,"Clinton County, Ohio",Clinton,OH,15988,2098,4178,9712,35000.0,30000.0,3-Year
Ohio,2012,39027,"Clinton County, Ohio",Clinton,OH,16000,2820,3510,9670,35000.0,30000.0,3-Year
Ohio,2014,39027,"Clinton County, Ohio",Clinton,OH,16052,2737,3474,9841,35000.0,35000.0,5-Year
Ohio,2016,39027,"Clinton County, Ohio",Clinton,OH,16077,2387,4144,9546,40000.0,35000.0,5-Year
Ohio,2018,39027,"Clinton County, Ohio",Clinton,OH,16370,2214,4157,9999,40000.0,35000.0,5-Year
Ohio,2019,39027,"Clinton County, Ohio",Clinton,OH,16528,2293,3971,10264,40000.0,35000.0,5-Year
Ohio,2021,39027,"Clinton County, Ohio",Clinton,OH,16548,2249,3887,10412,45000.0,40000.0,5-Year
Ohio,2022,39027,"Clinton County, Ohio",Clinton,OH,16390,2322,4118,9950,53053.6845730027,44336.4809384164,5-Year
Ohio,2010,39029,"Columbiana County, Ohio",Columbiana,OH,42506,7319,12339,22848,35000.0,30000.0,1-Year
Ohio,2012,39029,"Columbiana County, Ohio",Columbiana,OH,42499,6558,9420,26521,35000.0,30000.0,1-Year
Ohio,2014,39029,"Columbiana County, Ohio",Columbiana,OH,42107,5832,10560,25715,35000.0,30000.0,1-Year
Ohio,2016,39029,"Columbiana County, Ohio",Columbiana,OH,41469,6922,9261,25286,40000.0,35000.0,1-Year
Ohio,2018,39029,"Columbiana County, Ohio",Columbiana,OH,41884,6327,11550,24007,40000.0,35000.0,1-Year
Ohio,2019,39029,"Columbiana County, Ohio",Columbiana,OH,40560,5380,8787,26393,40000.0,35000.0,1-Year
Ohio,2021,39029,"Columbiana County, Ohio",Columbiana,OH,41047,7066,11852,22129,45000.0,40000.0,1-Year
Ohio,2022,39029,"Columbiana County, Ohio",Columbiana,OH,40326,5773,12873,21680,51663.6994494867,45828.6713286713,1-Year
Ohio,2010,39031,"Coshocton County, Ohio",Coshocton,OH,14495,2432,3680,8383,35000.0,30000.0,3-Year
Ohio,2012,39031,"Coshocton County, Ohio",Coshocton,OH,14568,2431,3496,8641,35000.0,30000.0,3-Year
Ohio,2014,39031,"Coshocton County, Ohio",Coshocton,OH,14561,2378,3440,8743,35000.0,30000.0,5-Year
Ohio,2016,39031,"Coshocton County, Ohio",Coshocton,OH,14397,1978,3724,8695,35000.0,35000.0,5-Year
Ohio,2018,39031,"Coshocton County, Ohio",Coshocton,OH,14461,2198,3977,8286,40000.0,35000.0,5-Year
Ohio,2019,39031,"Coshocton County, Ohio",Coshocton,OH,14476,1989,3988,8499,40000.0,35000.0,5-Year
Ohio,2021,39031,"Coshocton County, Ohio",Coshocton,OH,14517,2506,4010,8001,45000.0,40000.0,5-Year
Ohio,2022,39031,"Coshocton County, Ohio",Coshocton,OH,14739,2708,4128,7903,49901.8991414191,44514.4767694312,5-Year
Ohio,2010,39033,"Crawford County, Ohio",Crawford,OH,17885,2411,3682,11792,30000.0,30000.0,3-Year
Ohio,2012,39033,"Crawford County, Ohio",Crawford,OH,17367,2674,4239,10454,35000.0,30000.0,3-Year
Ohio,2014,39033,"Crawford County, Ohio",Crawford,OH,17625,2608,4407,10610,35000.0,30000.0,5-Year
Ohio,2016,39033,"Crawford County, Ohio",Crawford,OH,17657,2637,4819,10201,35000.0,35000.0,5-Year
Ohio,2018,39033,"Crawford County, Ohio",Crawford,OH,17755,2680,5128,9947,40000.0,35000.0,5-Year
Ohio,2019,39033,"Crawford County, Ohio",Crawford,OH,17782,2752,4674,10356,40000.0,35000.0,5-Year
Ohio,2021,39033,"Crawford County, Ohio",Crawford,OH,18028,2578,5361,10089,45000.0,40000.0,5-Year
Ohio,2022,39033,"Crawford County, Ohio",Crawford,OH,18168,2518,5106,10544,46652.8315133867,42112.8888888889,5-Year
Ohio,2010,39035,"Cuyahoga County, Ohio",Cuyahoga,OH,529942,87327,139626,302989,35000.0,35000.0,1-Year
Ohio,2012,39035,"Cuyahoga County, Ohio",Cuyahoga,OH,529284,97244,131879,300161,35000.0,35000.0,1-Year
Ohio,2014,39035,"Cuyahoga County, Ohio",Cuyahoga,OH,535295,98657,123676,312962,35000.0,35000.0,1-Year
Ohio,2016,39035,"Cuyahoga County, Ohio",Cuyahoga,OH,534355,97085,128309,308961,40000.0,35000.0,1-Year
Ohio,2018,39035,"Cuyahoga County, Ohio",Cuyahoga,OH,542122,96055,127155,318912,40000.0,40000.0,1-Year
Ohio,2019,39035,"Cuyahoga County, Ohio",Cuyahoga,OH,549471,86880,126406,336185,40000.0,40000.0,1-Year
Ohio,2021,39035,"Cuyahoga County, Ohio",Cuyahoga,OH,557572,91021,141270,325281,45000.0,45000.0,1-Year
Ohio,2022,39035,"Cuyahoga County, Ohio",Cuyahoga,OH,554982,92693,140299,321990,50565.5827980276,48655.9132008139,1-Year
Ohio,2010,39037,"Darke County, Ohio",Darke,OH,20736,2319,5537,12880,35000.0,30000.0,3-Year
Ohio,2012,39037,"Darke County, Ohio",Darke,OH,21016,2503,5369,13144,35000.0,30000.0,3-Year
Ohio,2014,39037,"Darke County, Ohio",Darke,OH,20929,2654,5631,12644,35000.0,35000.0,5-Year
Ohio,2016,39037,"Darke County, Ohio",Darke,OH,20831,2352,5428,13051,35000.0,35000.0,5-Year
Ohio,2018,39037,"Darke County, Ohio",Darke,OH,20838,2092,5284,13462,40000.0,35000.0,5-Year
Ohio,2019,39037,"Darke County, Ohio",Darke,OH,20861,2188,4700,13973,40000.0,35000.0,5-Year
Ohio,2021,39037,"Darke County, Ohio",Darke,OH,20826,2718,5733,12375,50000.0,40000.0,5-Year
Ohio,2022,39037,"Darke County, Ohio",Darke,OH,21026,2658,5659,12709,50441.5596265881,43832.5676353444,5-Year
Ohio,2010,39039,"Defiance County, Ohio",Defiance,OH,15368,2078,2645,10645,30000.0,30000.0,3-Year
Ohio,2012,39039,"Defiance County, Ohio",Defiance,OH,15322,2082,3390,9850,35000.0,30000.0,3-Year
Ohio,2014,39039,"Defiance County, Ohio",Defiance,OH,15332,1828,3482,10022,35000.0,35000.0,5-Year
Ohio,2016,39039,"Defiance County, Ohio",Defiance,OH,15378,1871,3304,10203,35000.0,35000.0,5-Year
Ohio,2018,39039,"Defiance County, Ohio",Defiance,OH,15213,1512,2941,10760,40000.0,35000.0,5-Year
Ohio,2019,39039,"Defiance County, Ohio",Defiance,OH,15297,1472,2904,10921,40000.0,35000.0,5-Year
Ohio,2021,39039,"Defiance County, Ohio",Defiance,OH,15075,1399,3227,10449,45000.0,40000.0,5-Year
Ohio,2022,39039,"Defiance County, Ohio",Defiance,OH,15262,1532,3644,10086,50453.3948717949,45312.0,5-Year
Ohio,2010,39041,"Delaware County, Ohio",Delaware,OH,63117,4143,9263,49711,40000.0,35000.0,1-Year
Ohio,2012,39041,"Delaware County, Ohio",Delaware,OH,65046,3312,11458,50276,45000.0,35000.0,1-Year
Ohio,2014,39041,"Delaware County, Ohio",Delaware,OH,66615,2943,11481,52191,50000.0,40000.0,1-Year
Ohio,2016,39041,"Delaware County, Ohio",Delaware,OH,68617,4111,11514,52992,50000.0,45000.0,1-Year
Ohio,2018,39041,"Delaware County, Ohio",Delaware,OH,70501,3092,13643,53766,60000.0,45000.0,1-Year
Ohio,2019,39041,"Delaware County, Ohio",Delaware,OH,73290,4052,13609,55629,60000.0,45000.0,1-Year
Ohio,2021,39041,"Delaware County, Ohio",Delaware,OH,80640,3504,13540,63596,60000.0,50000.0,1-Year
Ohio,2022,39041,"Delaware County, Ohio",Delaware,OH,82755,4597,16261,61897,66191.0331364311,55512.0,1-Year
Ohio,2010,39043,"Erie County, Ohio",Erie,OH,32243,3929,6884,21430,30000.0,30000.0,1-Year
Ohio,2012,39043,"Erie County, Ohio",Erie,OH,31739,3311,8094,20334,35000.0,30000.0,1-Year
Ohio,2014,39043,"Erie County, Ohio",Erie,OH,31492,3680,7211,20601,40000.0,30000.0,1-Year
Ohio,2016,39043,"Erie County, Ohio",Erie,OH,30682,3658,6040,20984,35000.0,35000.0,1-Year
Ohio,2018,39043,"Erie County, Ohio",Erie,OH,31675,3691,9347,18637,40000.0,40000.0,1-Year
Ohio,2019,39043,"Erie County, Ohio",Erie,OH,31183,3597,7327,20259,40000.0,40000.0,5-Year
Ohio,2021,39043,"Erie County, Ohio",Erie,OH,32926,4225,9234,19467,45000.0,45000.0,1-Year
Ohio,2022,39043,"Erie County, Ohio",Erie,OH,32103,3939,7592,20572,47080.454553759,47652.0,5-Year
Ohio,2010,39045,"Fairfield County, Ohio",Fairfield,OH,53342,5945,11699,35698,40000.0,35000.0,1-Year
Ohio,2012,39045,"Fairfield County, Ohio",Fairfield,OH,54370,5471,13643,35256,45000.0,35000.0,1-Year
Ohio,2014,39045,"Fairfield County, Ohio",Fairfield,OH,55316,4921,15480,34915,45000.0,40000.0,1-Year
Ohio,2016,39045,"Fairfield County, Ohio",Fairfield,OH,55614,5278,14389,35947,50000.0,40000.0,1-Year
Ohio,2018,39045,"Fairfield County, Ohio",Fairfield,OH,55934,5686,14555,35693,50000.0,45000.0,1-Year
Ohio,2019,39045,"Fairfield County, Ohio",Fairfield,OH,59031,4237,14819,39975,50000.0,45000.0,1-Year
Ohio,2021,39045,"Fairfield County, Ohio",Fairfield,OH,59818,4769,16233,38816,60000.0,50000.0,1-Year
Ohio,2022,39045,"Fairfield County, Ohio",Fairfield,OH,60387,5386,15358,39643,60716.615563871,51708.0,1-Year
Ohio,2010,39047,"Fayette County, Ohio",Fayette,OH,11542,1935,2318,7289,30000.0,30000.0,3-Year
Ohio,2012,39047,"Fayette County, Ohio",Fayette,OH,11451,2136,3104,6211,35000.0,30000.0,3-Year
Ohio,2014,39047,"Fayette County, Ohio",Fayette,OH,11532,2072,2829,6631,35000.0,35000.0,5-Year
Ohio,2016,39047,"Fayette County, Ohio",Fayette,OH,11666,1958,2705,7003,35000.0,35000.0,5-Year
Ohio,2018,39047,"Fayette County, Ohio",Fayette,OH,11736,1834,2915,6987,40000.0,35000.0,5-Year
Ohio,2019,39047,"Fayette County, Ohio",Fayette,OH,11773,1831,2845,7097,40000.0,35000.0,5-Year
Ohio,2021,39047,"Fayette County, Ohio",Fayette,OH,11471,1800,2882,6789,45000.0,40000.0,5-Year
Ohio,2022,39047,"Fayette County, Ohio",Fayette,OH,11620,1770,3188,6662,49959.4192620987,44183.6662591687,5-Year
Ohio,2010,39049,"Franklin County, Ohio",Franklin,OH,462716,76015,97395,289306,35000.0,35000.0,1-Year
Ohio,2012,39049,"Franklin County, Ohio",Franklin,OH,471438,72323,114691,284424,40000.0,35000.0,1-Year
Ohio,2014,39049,"Franklin County, Ohio",Franklin,OH,486877,75914,109060,301903,40000.0,40000.0,1-Year
Ohio,2016,39049,"Franklin County, Ohio",Franklin,OH,502932,73831,122145,306956,45000.0,40000.0,1-Year
Ohio,2018,39049,"Franklin County, Ohio",Franklin,OH,519468,66597,144724,308147,50000.0,45000.0,1-Year
Ohio,2019,39049,"Franklin County, Ohio",Franklin,OH,522383,63467,131290,327626,50000.0,45000.0,1-Year
Ohio,2021,39049,"Franklin County, Ohio",Franklin,OH,549475,70720,131128,347627,50000.0,50000.0,1-Year
Ohio,2022,39049,"Franklin County, Ohio",Franklin,OH,550153,72610,141055,336488,55239.4513800191,53466.6028338115,1-Year
Ohio,2010,39051,"Fulton County, Ohio",Fulton,OH,16387,1709,3107,11571,35000.0,30000.0,3-Year
Ohio,2012,39051,"Fulton County, Ohio",Fulton,OH,16272,1887,3584,10801,35000.0,35000.0,3-Year
Ohio,2014,39051,"Fulton County, Ohio",Fulton,OH,16333,1850,3272,11211,35000.0,35000.0,5-Year
Ohio,2016,39051,"Fulton County, Ohio",Fulton,OH,16240,1752,3650,10838,40000.0,35000.0,5-Year
Ohio,2018,39051,"Fulton County, Ohio",Fulton,OH,16425,1504,3378,11543,40000.0,35000.0,5-Year
Ohio,2019,39051,"Fulton County, Ohio",Fulton,OH,16506,1298,3297,11911,40000.0,35000.0,5-Year
Ohio,2021,39051,"Fulton County, Ohio",Fulton,OH,16763,1377,4415,10971,50000.0,45000.0,5-Year
Ohio,2022,39051,"Fulton County, Ohio",Fulton,OH,16869,1406,3930,11533,51479.5769518583,46758.6468401487,5-Year
Ohio,2010,39053,"Gallia County, Ohio",Gallia,OH,12196,2136,2973,7087,35000.0,25000.0,3-Year
Ohio,2012,39053,"Gallia County, Ohio",Gallia,OH,11497,2147,3264,6086,40000.0,30000.0,3-Year
Ohio,2014,39053,"Gallia County, Ohio",Gallia,OH,11502,2292,3184,6026,40000.0,30000.0,5-Year
Ohio,2016,39053,"Gallia County, Ohio",Gallia,OH,11495,2322,3273,5900,40000.0,35000.0,5-Year
Ohio,2018,39053,"Gallia County, Ohio",Gallia,OH,11662,2479,3095,6088,40000.0,40000.0,5-Year
Ohio,2019,39053,"Gallia County, Ohio",Gallia,OH,11588,2218,2887,6483,40000.0,40000.0,5-Year
Ohio,2021,39053,"Gallia County, Ohio",Gallia,OH,11292,1885,3236,6171,50000.0,40000.0,5-Year
Ohio,2022,39053,"Gallia County, Ohio",Gallia,OH,11303,1910,3060,6333,52095.1608319339,44754.0033688939,5-Year
Ohio,2010,39055,"Geauga County, Ohio",Geauga,OH,34400,2229,7394,24777,40000.0,35000.0,1-Year
Ohio,2012,39055,"Geauga County, Ohio",Geauga,OH,34204,2618,7780,23806,45000.0,35000.0,1-Year
Ohio,2014,39055,"Geauga County, Ohio",Geauga,OH,35450,2816,6627,26007,45000.0,40000.0,1-Year
Ohio,2016,39055,"Geauga County, Ohio",Geauga,OH,35519,2313,6583,26623,45000.0,40000.0,1-Year
Ohio,2018,39055,"Geauga County, Ohio",Geauga,OH,35285,2305,7134,25846,50000.0,40000.0,5-Year
Ohio,2019,39055,"Geauga County, Ohio",Geauga,OH,35298,2273,7027,25998,50000.0,40000.0,5-Year
Ohio,2021,39055,"Geauga County, Ohio",Geauga,OH,35249,2299,7886,25064,60000.0,50000.0,5-Year
Ohio,2022,39055,"Geauga County, Ohio",Geauga,OH,35321,2145,7798,25378,63533.5477644446,52632.0,5-Year
Ohio,2010,39057,"Greene County, Ohio",Greene,OH,62413,8600,12321,41492,35000.0,35000.0,1-Year
Ohio,2012,39057,"Greene County, Ohio",Greene,OH,62465,8049,14615,39801,40000.0,35000.0,1-Year
Ohio,2014,39057,"Greene County, Ohio",Greene,OH,64527,8658,13753,42116,40000.0,35000.0,1-Year
Ohio,2016,39057,"Greene County, Ohio",Greene,OH,63908,7934,11998,43976,40000.0,40000.0,1-Year
Ohio,2018,39057,"Greene County, Ohio",Greene,OH,66053,9059,11419,45575,45000.0,40000.0,1-Year
Ohio,2019,39057,"Greene County, Ohio",Greene,OH,66154,6260,15104,44790,45000.0,40000.0,1-Year
Ohio,2021,39057,"Greene County, Ohio",Greene,OH,67822,7411,13538,46873,50000.0,45000.0,1-Year
Ohio,2022,39057,"Greene County, Ohio",Greene,OH,66598,6346,14946,45306,56021.6039431473,50184.0,1-Year
Ohio,2010,39059,"Guernsey County, Ohio",Guernsey,OH,16034,2524,4399,9111,35000.0,25000.0,3-Year
Ohio,2012,39059,"Guernsey County, Ohio",Guernsey,OH,15348,2447,4477,8424,35000.0,30000.0,3-Year
Ohio,2014,39059,"Guernsey County, Ohio",Guernsey,OH,15564,2623,3859,9082,35000.0,30000.0,5-Year
Ohio,2016,39059,"Guernsey County, Ohio",Guernsey,OH,15863,2948,3687,9228,35000.0,35000.0,5-Year
Ohio,2018,39059,"Guernsey County, Ohio",Guernsey,OH,16098,2973,4054,9071,40000.0,35000.0,5-Year
Ohio,2019,39059,"Guernsey County, Ohio",Guernsey,OH,16220,2969,3824,9427,40000.0,35000.0,5-Year
Ohio,2021,39059,"Guernsey County, Ohio",Guernsey,OH,16136,2716,4525,8895,45000.0,40000.0,5-Year
Ohio,2022,39059,"Guernsey County, Ohio",Guernsey,OH,16165,2535,4349,9281,47669.1138521608,42912.9607843137,5-Year
Ohio,2010,39061,"Hamilton County, Ohio",Hamilton,OH,324915,53932,74217,196766,35000.0,35000.0,1-Year
Ohio,2012,39061,"Hamilton County, Ohio",Hamilton,OH,328390,60579,81812,185999,40000.0,35000.0,1-Year
Ohio,2014,39061,"Hamilton County, Ohio",Hamilton,OH,335137,59619,78733,196785,40000.0,35000.0,1-Year
Ohio,2016,39061,"Hamilton County, Ohio",Hamilton,OH,335907,50589,78972,206346,40000.0,40000.0,1-Year
Ohio,2018,39061,"Hamilton County, Ohio",Hamilton,OH,344562,50795,87834,205933,45000.0,45000.0,1-Year
Ohio,2019,39061,"Hamilton County, Ohio",Hamilton,OH,347235,50227,81999,215009,45000.0,45000.0,1-Year
Ohio,2021,39061,"Hamilton County, Ohio",Hamilton,OH,353674,53805,86934,212935,50000.0,45000.0,1-Year
Ohio,2022,39061,"Hamilton County, Ohio",Hamilton,OH,355784,57893,86570,211321,53419.3616087641,50305.5671974801,1-Year
Ohio,2010,39063,"Hancock County, Ohio",Hancock,OH,30198,3506,4661,22031,30000.0,30000.0,1-Year
Ohio,2012,39063,"Hancock County, Ohio",Hancock,OH,30064,3904,6017,20143,35000.0,30000.0,1-Year
Ohio,2014,39063,"Hancock County, Ohio",Hancock,OH,31747,3857,6548,21342,35000.0,30000.0,1-Year
Ohio,2016,39063,"Hancock County, Ohio",Hancock,OH,31693,3273,6445,21975,35000.0,35000.0,1-Year
Ohio,2018,39063,"Hancock County, Ohio",Hancock,OH,31606,3488,6584,21534,40000.0,35000.0,1-Year
Ohio,2019,39063,"Hancock County, Ohio",Hancock,OH,31937,3491,6641,21805,40000.0,35000.0,5-Year
Ohio,2021,39063,"Hancock County, Ohio",Hancock,OH,31951,3172,6961,21818,45000.0,40000.0,1-Year
Ohio,2022,39063,"Hancock County, Ohio",Hancock,OH,31343,3217,8154,19972,49240.0201342282,46327.2455434158,5-Year
Ohio,2010,39065,"Hardin County, Ohio",Hardin,OH,11816,2106,2816,6894,35000.0,30000.0,3-Year
Ohio,2012,39065,"Hardin County, Ohio",Hardin,OH,11655,1999,3179,6477,40000.0,30000.0,3-Year
Ohio,2014,39065,"Hardin County, Ohio",Hardin,OH,11438,1875,3005,6558,40000.0,30000.0,5-Year
Ohio,2016,39065,"Hardin County, Ohio",Hardin,OH,11588,1682,3079,6827,40000.0,35000.0,5-Year
Ohio,2018,39065,"Hardin County, Ohio",Hardin,OH,11495,1796,2979,6720,45000.0,35000.0,5-Year
Ohio,2019,39065,"Hardin County, Ohio",Hardin,OH,11678,1715,3035,6928,45000.0,35000.0,5-Year
Ohio,2021,39065,"Hardin County, Ohio",Hardin,OH,11557,1861,3118,6578,50000.0,40000.0,5-Year
Ohio,2022,39065,"Hardin County, Ohio",Hardin,OH,11640,1885,3283,6472,53362.4135561085,44518.3505154639,5-Year
Ohio,2010,39067,"Harrison County, Ohio",Harrison,OH,6377,1182,1758,3437,35000.0,30000.0,5-Year
Ohio,2012,39067,"Harrison County, Ohio",Harrison,OH,6324,1136,1696,3492,35000.0,30000.0,5-Year
Ohio,2014,39067,"Harrison County, Ohio",Harrison,OH,6333,1006,1722,3605,35000.0,35000.0,5-Year
Ohio,2016,39067,"Harrison County, Ohio",Harrison,OH,6242,1021,1389,3832,35000.0,35000.0,5-Year
Ohio,2018,39067,"Harrison County, Ohio",Harrison,OH,6200,1000,1319,3881,40000.0,35000.0,5-Year
Ohio,2019,39067,"Harrison County, Ohio",Harrison,OH,6223,1004,1305,3914,40000.0,35000.0,5-Year
Ohio,2021,39067,"Harrison County, Ohio",Harrison,OH,5748,926,1742,3080,50000.0,45000.0,5-Year
Ohio,2022,39067,"Harrison County, Ohio",Harrison,OH,5799,940,1790,3069,52694.4307856761,45742.2790471561,5-Year
Ohio,2010,39069,"Henry County, Ohio",Henry,OH,11187,1407,2664,7116,35000.0,30000.0,3-Year
Ohio,2012,39069,"Henry County, Ohio",Henry,OH,11163,1361,2421,7381,35000.0,30000.0,3-Year
Ohio,2014,39069,"Henry County, Ohio",Henry,OH,11075,1232,2464,7379,35000.0,35000.0,5-Year
Ohio,2016,39069,"Henry County, Ohio",Henry,OH,11035,1035,2196,7804,35000.0,35000.0,5-Year
Ohio,2018,39069,"Henry County, Ohio",Henry,OH,11065,1057,2320,7688,40000.0,35000.0,5-Year
Ohio,2019,39069,"Henry County, Ohio",Henry,OH,10992,917,2572,7503,40000.0,40000.0,5-Year
Ohio,2021,39069,"Henry County, Ohio",Henry,OH,11040,986,2756,7298,45000.0,45000.0,5-Year
Ohio,2022,39069,"Henry County, Ohio",Henry,OH,11179,999,2588,7592,48481.6735053493,47085.9517625232,5-Year
Ohio,2010,39071,"Highland County, Ohio",Highland,OH,16798,2764,4491,9543,35000.0,30000.0,3-Year
Ohio,2012,39071,"Highland County, Ohio",Highland,OH,17062,3072,4188,9802,35000.0,30000.0,3-Year
Ohio,2014,39071,"Highland County, Ohio",Highland,OH,16837,3173,3897,9767,35000.0,30000.0,5-Year
Ohio,2016,39071,"Highland County, Ohio",Highland,OH,16635,3237,4670,8728,40000.0,35000.0,5-Year
Ohio,2018,39071,"Highland County, Ohio",Highland,OH,16646,3255,5069,8322,45000.0,40000.0,5-Year
Ohio,2019,39071,"Highland County, Ohio",Highland,OH,16772,2929,4760,9083,40000.0,40000.0,5-Year
Ohio,2021,39071,"Highland County, Ohio",Highland,OH,16526,2639,4988,8899,50000.0,45000.0,5-Year
Ohio,2022,39071,"Highland County, Ohio",Highland,OH,16688,2590,4295,9803,52373.5962829117,45923.7347019345,5-Year
Ohio,2010,39073,"Hocking County, Ohio",Hocking,OH,11449,1876,2791,6782,35000.0,30000.0,3-Year
Ohio,2012,39073,"Hocking County, Ohio",Hocking,OH,11413,1966,3152,6295,40000.0,30000.0,3-Year
Ohio,2014,39073,"Hocking County, Ohio",Hocking,OH,11426,1894,3370,6162,40000.0,35000.0,5-Year
Ohio,2016,39073,"Hocking County, Ohio",Hocking,OH,11326,1846,2785,6695,35000.0,35000.0,5-Year
Ohio,2018,39073,"Hocking County, Ohio",Hocking,OH,11120,1573,2966,6581,40000.0,40000.0,5-Year
Ohio,2019,39073,"Hocking County, Ohio",Hocking,OH,11286,1595,2760,6931,40000.0,40000.0,5-Year
Ohio,2021,39073,"Hocking County, Ohio",Hocking,OH,11240,1592,2679,6969,45000.0,40000.0,5-Year
Ohio,2022,39073,"Hocking County, Ohio",Hocking,OH,11279,1645,2928,6706,50484.6791293214,45227.2078408763,5-Year
Ohio,2010,39075,"Holmes County, Ohio",Holmes,OH,11720,1776,4667,5277,50000.0,30000.0,3-Year
Ohio,2012,39075,"Holmes County, Ohio",Holmes,OH,12392,1721,4646,6025,50000.0,30000.0,3-Year
Ohio,2014,39075,"Holmes County, Ohio",Holmes,OH,12516,1648,5329,5539,60000.0,35000.0,5-Year
Ohio,2016,39075,"Holmes County, Ohio",Holmes,OH,12500,1505,3799,7196,50000.0,35000.0,5-Year
Ohio,2018,39075,"Holmes County, Ohio",Holmes,OH,12437,1376,3852,7209,60000.0,35000.0,5-Year
Ohio,2019,39075,"Holmes County, Ohio",Holmes,OH,12342,1238,3708,7396,60000.0,35000.0,5-Year
Ohio,2021,39075,"Holmes County, Ohio",Holmes,OH,13200,1220,2665,9315,50000.0,40000.0,5-Year
Ohio,2022,39075,"Holmes County, Ohio",Holmes,OH,13314,1234,4229,7851,68117.11083325,46416.0,5-Year
Ohio,2010,39077,"Huron County, Ohio",Huron,OH,22758,3059,4856,14843,35000.0,30000.0,3-Year
Ohio,2012,39077,"Huron County, Ohio",Huron,OH,22350,2787,4668,14895,35000.0,30000.0,3-Year
Ohio,2014,39077,"Huron County, Ohio",Huron,OH,22507,2803,5548,14156,40000.0,30000.0,5-Year
Ohio,2016,39077,"Huron County, Ohio",Huron,OH,22521,2729,5899,13893,40000.0,35000.0,5-Year
Ohio,2018,39077,"Huron County, Ohio",Huron,OH,22860,2810,5375,14675,40000.0,35000.0,5-Year
Ohio,2019,39077,"Huron County, Ohio",Huron,OH,22935,2855,4816,15264,40000.0,35000.0,5-Year
Ohio,2021,39077,"Huron County, Ohio",Huron,OH,23288,2815,5377,15096,45000.0,40000.0,5-Year
Ohio,2022,39077,"Huron County, Ohio",Huron,OH,23096,2720,5836,14540,50978.2093389933,45516.2615803815,5-Year
Ohio,2010,39079,"Jackson County, Ohio",Jackson,OH,13295,3017,2799,7479,30000.0,30000.0,3-Year
Ohio,2012,39079,"Jackson County, Ohio",Jackson,OH,13421,2889,3223,7309,35000.0,30000.0,3-Year
Ohio,2014,39079,"Jackson County, Ohio",Jackson,OH,13204,2940,3152,7112,35000.0,35000.0,5-Year
Ohio,2016,39079,"Jackson County, Ohio",Jackson,OH,12814,2690,3468,6656,40000.0,35000.0,5-Year
Ohio,2018,39079,"Jackson County, Ohio",Jackson,OH,12892,2277,3025,7590,40000.0,35000.0,5-Year
Ohio,2019,39079,"Jackson County, Ohio",Jackson,OH,12780,2289,2695,7796,40000.0,35000.0,5-Year
Ohio,2021,39079,"Jackson County, Ohio",Jackson,OH,12361,2092,3733,6536,50000.0,45000.0,5-Year
Ohio,2022,39079,"Jackson County, Ohio",Jackson,OH,12453,2216,3280,6957,51399.9693945442,45600.0,5-Year
Ohio,2010,39081,"Jefferson County, Ohio",Jefferson,OH,28673,5193,7038,16442,30000.0,30000.0,1-Year
Ohio,2012,39081,"Jefferson County, Ohio",Jefferson,OH,28625,4458,6695,17472,35000.0,30000.0,1-Year
Ohio,2014,39081,"Jefferson County, Ohio",Jefferson,OH,27447,5126,7516,14805,40000.0,30000.0,1-Year
Ohio,2016,39081,"Jefferson County, Ohio",Jefferson,OH,26971,4284,7481,15206,40000.0,35000.0,1-Year
Ohio,2018,39081,"Jefferson County, Ohio",Jefferson,OH,27292,5261,7881,14150,40000.0,35000.0,1-Year
Ohio,2019,39081,"Jefferson County, Ohio",Jefferson,OH,27515,4440,5849,17226,40000.0,35000.0,1-Year
Ohio,2021,39081,"Jefferson County, Ohio",Jefferson,OH,26776,4651,8397,13728,50000.0,45000.0,5-Year
Ohio,2022,39081,"Jefferson County, Ohio",Jefferson,OH,26973,4760,8150,14063,53886.6724801812,46940.5016643402,5-Year
Ohio,2010,39083,"Knox County, Ohio",Knox,OH,22866,3050,4668,15148,35000.0,30000.0,3-Year
Ohio,2012,39083,"Knox County, Ohio",Knox,OH,22311,3352,4729,14230,40000.0,30000.0,3-Year
Ohio,2014,39083,"Knox County, Ohio",Knox,OH,22642,3255,5337,14050,40000.0,35000.0,5-Year
Ohio,2016,39083,"Knox County, Ohio",Knox,OH,23029,3356,5414,14259,40000.0,35000.0,5-Year
Ohio,2018,39083,"Knox County, Ohio",Knox,OH,23340,3130,4776,15434,40000.0,35000.0,5-Year
Ohio,2019,39083,"Knox County, Ohio",Knox,OH,23248,2865,4363,16020,40000.0,35000.0,5-Year
Ohio,2021,39083,"Knox County, Ohio",Knox,OH,22908,2548,5797,14563,50000.0,45000.0,5-Year
Ohio,2022,39083,"Knox County, Ohio",Knox,OH,23117,2652,5966,14499,56484.8822439145,47424.0,5-Year
Ohio,2010,39085,"Lake County, Ohio",Lake,OH,93928,8852,21434,63642,35000.0,35000.0,1-Year
Ohio,2012,39085,"Lake County, Ohio",Lake,OH,95087,9825,23283,61979,40000.0,35000.0,1-Year
Ohio,2014,39085,"Lake County, Ohio",Lake,OH,95116,6927,22430,65759,40000.0,35000.0,1-Year
Ohio,2016,39085,"Lake County, Ohio",Lake,OH,96325,8197,22198,65930,40000.0,40000.0,1-Year
Ohio,2018,39085,"Lake County, Ohio",Lake,OH,96577,6908,22800,66869,45000.0,40000.0,1-Year
Ohio,2019,39085,"Lake County, Ohio",Lake,OH,96967,8069,22301,66597,45000.0,40000.0,1-Year
Ohio,2021,39085,"Lake County, Ohio",Lake,OH,99990,6514,24418,69058,50000.0,45000.0,1-Year
Ohio,2022,39085,"Lake County, Ohio",Lake,OH,100923,10907,24776,65240,54240.6046727433,47317.1503957784,1-Year
Ohio,2010,39087,"Lawrence County, Ohio",Lawrence,OH,24182,3877,6784,13521,35000.0,30000.0,3-Year
Ohio,2012,39087,"Lawrence County, Ohio",Lawrence,OH,23408,4149,6677,12582,40000.0,30000.0,3-Year
Ohio,2014,39087,"Lawrence County, Ohio",Lawrence,OH,23622,4135,6277,13210,40000.0,30000.0,5-Year
Ohio,2016,39087,"Lawrence County, Ohio",Lawrence,OH,23243,4477,6028,12738,40000.0,35000.0,5-Year
Ohio,2018,39087,"Lawrence County, Ohio",Lawrence,OH,23540,4579,6695,12266,45000.0,35000.0,5-Year
Ohio,2019,39087,"Lawrence County, Ohio",Lawrence,OH,23221,4473,6839,11909,45000.0,40000.0,5-Year
Ohio,2021,39087,"Lawrence County, Ohio",Lawrence,OH,22608,4266,6889,11453,50000.0,45000.0,5-Year
Ohio,2022,39087,"Lawrence County, Ohio",Lawrence,OH,22455,4256,6834,11365,53960.8219178082,45150.9224817309,5-Year
Ohio,2010,39089,"Licking County, Ohio",Licking,OH,63972,8104,12462,43406,35000.0,30000.0,1-Year
Ohio,2012,39089,"Licking County, Ohio",Licking,OH,63160,7857,14649,40654,40000.0,35000.0,1-Year
Ohio,2014,39089,"Licking County, Ohio",Licking,OH,65290,8373,16644,40273,45000.0,35000.0,1-Year
Ohio,2016,39089,"Licking County, Ohio",Licking,OH,62898,7922,14483,40493,45000.0,40000.0,1-Year
Ohio,2018,39089,"Licking County, Ohio",Licking,OH,62237,5991,15134,41112,50000.0,40000.0,1-Year
Ohio,2019,39089,"Licking County, Ohio",Licking,OH,66604,7046,15409,44149,50000.0,40000.0,1-Year
Ohio,2021,39089,"Licking County, Ohio",Licking,OH,67761,7113,18501,42147,60000.0,50000.0,1-Year
Ohio,2022,39089,"Licking County, Ohio",Licking,OH,70064,8306,17534,44224,57214.9180347069,51744.0,1-Year
Ohio,2010,39091,"Logan County, Ohio",Logan,OH,18051,2379,3638,12034,30000.0,30000.0,3-Year
Ohio,2012,39091,"Logan County, Ohio",Logan,OH,18377,2571,4298,11508,35000.0,30000.0,3-Year
Ohio,2014,39091,"Logan County, Ohio",Logan,OH,18471,2517,4220,11734,35000.0,35000.0,5-Year
Ohio,2016,39091,"Logan County, Ohio",Logan,OH,18720,2359,3926,12435,35000.0,35000.0,5-Year
Ohio,2018,39091,"Logan County, Ohio",Logan,OH,18654,2412,4263,11979,40000.0,40000.0,5-Year
Ohio,2019,39091,"Logan County, Ohio",Logan,OH,18677,2256,4000,12421,40000.0,40000.0,5-Year
Ohio,2021,39091,"Logan County, Ohio",Logan,OH,18928,1983,4472,12473,45000.0,45000.0,5-Year
Ohio,2022,39091,"Logan County, Ohio",Logan,OH,19168,2162,4061,12945,47932.6507879398,46920.0,5-Year
Ohio,2010,39093,"Lorain County, Ohio",Lorain,OH,116475,15092,24841,76542,35000.0,35000.0,1-Year
Ohio,2012,39093,"Lorain County, Ohio",Lorain,OH,115670,16977,27332,71361,40000.0,35000.0,1-Year
Ohio,2014,39093,"Lorain County, Ohio",Lorain,OH,116551,16189,26169,74193,40000.0,35000.0,1-Year
Ohio,2016,39093,"Lorain County, Ohio",Lorain,OH,117871,14836,24564,78471,40000.0,35000.0,1-Year
Ohio,2018,39093,"Lorain County, Ohio",Lorain,OH,121344,17244,26807,77293,45000.0,40000.0,1-Year
Ohio,2019,39093,"Lorain County, Ohio",Lorain,OH,120299,17691,27132,75476,45000.0,40000.0,1-Year
Ohio,2021,39093,"Lorain County, Ohio",Lorain,OH,124879,15094,32930,76855,50000.0,45000.0,1-Year
Ohio,2022,39093,"Lorain County, Ohio",Lorain,OH,126500,16410,34332,75758,55256.7706936653,49988.2090121675,1-Year
Ohio,2010,39095,"Lucas County, Ohio",Lucas,OH,176415,33077,44518,98820,35000.0,30000.0,1-Year
Ohio,2012,39095,"Lucas County, Ohio",Lucas,OH,176924,37727,38960,100237,35000.0,30000.0,1-Year
Ohio,2014,39095,"Lucas County, Ohio",Lucas,OH,176302,33463,38087,104752,35000.0,30000.0,1-Year
Ohio,2016,39095,"Lucas County, Ohio",Lucas,OH,180217,34323,39474,106420,35000.0,35000.0,1-Year
Ohio,2018,39095,"Lucas County, Ohio",Lucas,OH,178289,34667,43485,100137,40000.0,40000.0,1-Year
Ohio,2019,39095,"Lucas County, Ohio",Lucas,OH,182105,33341,39977,108787,40000.0,35000.0,1-Year
Ohio,2021,39095,"Lucas County, Ohio",Lucas,OH,184315,32341,44215,107759,45000.0,40000.0,1-Year
Ohio,2022,39095,"Lucas County, Ohio",Lucas,OH,187290,33430,43048,110812,47609.1379441328,44192.4286224551,1-Year
Ohio,2010,39097,"Madison County, Ohio",Madison,OH,14641,1643,4221,8777,40000.0,35000.0,3-Year
Ohio,2012,39097,"Madison County, Ohio",Madison,OH,14720,1215,4579,8926,45000.0,35000.0,3-Year
Ohio,2014,39097,"Madison County, Ohio",Madison,OH,14676,1432,4559,8685,50000.0,35000.0,5-Year
Ohio,2016,39097,"Madison County, Ohio",Madison,OH,14809,1398,4287,9124,50000.0,40000.0,5-Year
Ohio,2018,39097,"Madison County, Ohio",Madison,OH,15080,1284,4671,9125,60000.0,40000.0,5-Year
Ohio,2019,39097,"Madison County, Ohio",Madison,OH,15013,1157,4631,9225,60000.0,45000.0,5-Year
Ohio,2021,39097,"Madison County, Ohio",Madison,OH,15181,1418,4344,9419,60000.0,50000.0,5-Year
Ohio,2022,39097,"Madison County, Ohio",Madison,OH,15264,1558,4313,9393,64152.7930174564,52176.0,5-Year
Ohio,2010,39099,"Mahoning County, Ohio",Mahoning,OH,97700,14809,28888,54003,35000.0,30000.0,1-Year
Ohio,2012,39099,"Mahoning County, Ohio",Mahoning,OH,96689,15770,25484,55435,35000.0,30000.0,1-Year
Ohio,2014,39099,"Mahoning County, Ohio",Mahoning,OH,96868,17497,23519,55852,35000.0,35000.0,1-Year
Ohio,2016,39099,"Mahoning County, Ohio",Mahoning,OH,96998,17563,26559,52876,40000.0,35000.0,1-Year
Ohio,2018,39099,"Mahoning County, Ohio",Mahoning,OH,97365,15352,23428,58585,40000.0,35000.0,1-Year
Ohio,2019,39099,"Mahoning County, Ohio",Mahoning,OH,100057,18115,23471,58471,40000.0,35000.0,1-Year
Ohio,2021,39099,"Mahoning County, Ohio",Mahoning,OH,98924,19561,24600,54763,45000.0,40000.0,1-Year
Ohio,2022,39099,"Mahoning County, Ohio",Mahoning,OH,99004,18593,23940,56471,47715.3546607502,45892.4094371169,1-Year
Ohio,2010,39101,"Marion County, Ohio",Marion,OH,25438,4762,6593,14083,35000.0,30000.0,1-Year
Ohio,2012,39101,"Marion County, Ohio",Marion,OH,24496,3865,6359,14272,40000.0,25000.0,1-Year
Ohio,2014,39101,"Marion County, Ohio",Marion,OH,24346,4615,7445,12286,45000.0,30000.0,1-Year
Ohio,2016,39101,"Marion County, Ohio",Marion,OH,25114,3578,7673,13863,40000.0,35000.0,1-Year
Ohio,2018,39101,"Marion County, Ohio",Marion,OH,24205,3898,8807,11500,45000.0,40000.0,1-Year
Ohio,2019,39101,"Marion County, Ohio",Marion,OH,25013,3369,6461,15183,40000.0,40000.0,1-Year
Ohio,2021,39101,"Marion County, Ohio",Marion,OH,24692,3441,8560,12691,50000.0,45000.0,1-Year
Ohio,2022,39101,"Marion County, Ohio",Marion,OH,24930,3824,8228,12878,55110.9555683785,47676.0,1-Year
Ohio,2010,39103,"Medina County, Ohio",Medina,OH,66184,4987,13067,48130,40000.0,35000.0,1-Year
Ohio,2012,39103,"Medina County, Ohio",Medina,OH,65593,4690,13440,47463,40000.0,35000.0,1-Year
Ohio,2014,39103,"Medina County, Ohio",Medina,OH,66081,4196,14403,47482,45000.0,40000.0,1-Year
Ohio,2016,39103,"Medina County, Ohio",Medina,OH,67812,4526,12509,50777,45000.0,35000.0,1-Year
Ohio,2018,39103,"Medina County, Ohio",Medina,OH,70609,4943,13657,52009,45000.0,40000.0,1-Year
Ohio,2019,39103,"Medina County, Ohio",Medina,OH,70450,3661,13538,53251,45000.0,40000.0,1-Year
Ohio,2021,39103,"Medina County, Ohio",Medina,OH,72233,4158,14637,53438,50000.0,50000.0,1-Year
Ohio,2022,39103,"Medina County, Ohio",Medina,OH,73250,5472,17597,50181,58626.9201749698,52224.0,1-Year
Ohio,2010,39105,"Meigs County, Ohio",Meigs,OH,9711,1808,2970,4933,35000.0,30000.0,3-Year
Ohio,2012,39105,"Meigs County, Ohio",Meigs,OH,9469,2137,2707,4625,35000.0,30000.0,3-Year
Ohio,2014,39105,"Meigs County, Ohio",Meigs,OH,9486,1975,2652,4859,35000.0,35000.0,5-Year
Ohio,2016,39105,"Meigs County, Ohio",Meigs,OH,9204,1985,2033,5186,35000.0,35000.0,5-Year
Ohio,2018,39105,"Meigs County, Ohio",Meigs,OH,9193,1884,2139,5170,40000.0,35000.0,5-Year
Ohio,2019,39105,"Meigs County, Ohio",Meigs,OH,9045,1760,2147,5138,40000.0,35000.0,5-Year
Ohio,2021,39105,"Meigs County, Ohio",Meigs,OH,8719,1738,2804,4177,50000.0,40000.0,5-Year
Ohio,2022,39105,"Meigs County, Ohio",Meigs,OH,8833,1746,2981,4106,51886.4015825915,45992.6736537767,5-Year
Ohio,2010,39107,"Mercer County, Ohio",Mercer,OH,15739,1560,2999,11180,35000.0,25000.0,3-Year
Ohio,2012,39107,"Mercer County, Ohio",Mercer,OH,15910,1525,3234,11151,35000.0,25000.0,3-Year
Ohio,2014,39107,"Mercer County, Ohio",Mercer,OH,15923,1444,3356,11123,35000.0,30000.0,5-Year
Ohio,2016,39107,"Mercer County, Ohio",Mercer,OH,16109,1428,3416,11265,35000.0,35000.0,5-Year
Ohio,2018,39107,"Mercer County, Ohio",Mercer,OH,16104,1229,3410,11465,40000.0,35000.0,5-Year
Ohio,2019,39107,"Mercer County, Ohio",Mercer,OH,16234,1079,3050,12105,40000.0,35000.0,5-Year
Ohio,2021,39107,"Mercer County, Ohio",Mercer,OH,15923,949,3900,11074,50000.0,40000.0,5-Year
Ohio,2022,39107,"Mercer County, Ohio",Mercer,OH,16022,1031,3954,11037,51892.1228571429,45204.0,5-Year
Ohio,2010,39109,"Miami County, Ohio",Miami,OH,41026,3941,9706,27379,35000.0,30000.0,1-Year
Ohio,2012,39109,"Miami County, Ohio",Miami,OH,41261,5730,6689,28842,35000.0,30000.0,1-Year
Ohio,2014,39109,"Miami County, Ohio",Miami,OH,41339,4460,10291,26588,40000.0,35000.0,1-Year
Ohio,2016,39109,"Miami County, Ohio",Miami,OH,41313,3784,8437,29092,40000.0,35000.0,1-Year
Ohio,2018,39109,"Miami County, Ohio",Miami,OH,41148,3229,11672,26247,45000.0,40000.0,1-Year
Ohio,2019,39109,"Miami County, Ohio",Miami,OH,41273,4048,9762,27463,45000.0,40000.0,1-Year
Ohio,2021,39109,"Miami County, Ohio",Miami,OH,43896,3600,11325,28971,50000.0,45000.0,1-Year
Ohio,2022,39109,"Miami County, Ohio",Miami,OH,45891,4632,11352,29907,51085.3542225829,46877.8487977471,1-Year
Ohio,2010,39111,"Monroe County, Ohio",Monroe,OH,6174,1078,1256,3840,30000.0,30000.0,5-Year
Ohio,2012,39111,"Monroe County, Ohio",Monroe,OH,6071,874,1329,3868,35000.0,30000.0,5-Year
Ohio,2014,39111,"Monroe County, Ohio",Monroe,OH,6056,974,1334,3748,35000.0,30000.0,5-Year
Ohio,2016,39111,"Monroe County, Ohio",Monroe,OH,5986,1049,1638,3299,40000.0,35000.0,5-Year
Ohio,2018,39111,"Monroe County, Ohio",Monroe,OH,5945,964,1653,3328,40000.0,35000.0,5-Year
Ohio,2019,39111,"Monroe County, Ohio",Monroe,OH,5745,931,1541,3273,40000.0,35000.0,5-Year
Ohio,2021,39111,"Monroe County, Ohio",Monroe,OH,5565,832,1710,3023,45000.0,45000.0,5-Year
Ohio,2022,39111,"Monroe County, Ohio",Monroe,OH,5574,800,1707,3067,50124.0197098275,45664.2665278501,5-Year
Ohio,2010,39113,"Montgomery County, Ohio",Montgomery,OH,223211,35177,47717,140317,30000.0,30000.0,1-Year
Ohio,2012,39113,"Montgomery County, Ohio",Montgomery,OH,221121,37280,51033,132808,35000.0,30000.0,1-Year
Ohio,2014,39113,"Montgomery County, Ohio",Montgomery,OH,221744,38890,54301,128553,35000.0,35000.0,1-Year
Ohio,2016,39113,"Montgomery County, Ohio",Montgomery,OH,223131,38801,45530,138800,35000.0,35000.0,1-Year
Ohio,2018,39113,"Montgomery County, Ohio",Montgomery,OH,224225,36192,53295,134738,40000.0,40000.0,1-Year
Ohio,2019,39113,"Montgomery County, Ohio",Montgomery,OH,224831,33183,50625,141023,40000.0,40000.0,1-Year
Ohio,2021,39113,"Montgomery County, Ohio",Montgomery,OH,226787,33102,54340,139345,45000.0,40000.0,1-Year
Ohio,2022,39113,"Montgomery County, Ohio",Montgomery,OH,235545,34419,57727,143399,49147.1986268714,45256.6100984458,1-Year
Ohio,2010,39115,"Morgan County, Ohio",Morgan,OH,6187,1149,1555,3483,30000.0,30000.0,5-Year
Ohio,2012,39115,"Morgan County, Ohio",Morgan,OH,6271,1186,1669,3416,35000.0,30000.0,5-Year
Ohio,2014,39115,"Morgan County, Ohio",Morgan,OH,6056,1211,1471,3374,35000.0,35000.0,5-Year
Ohio,2016,39115,"Morgan County, Ohio",Morgan,OH,5932,1200,1505,3227,35000.0,35000.0,5-Year
Ohio,2018,39115,"Morgan County, Ohio",Morgan,OH,6147,1218,1570,3359,40000.0,35000.0,5-Year
Ohio,2019,39115,"Morgan County, Ohio",Morgan,OH,6108,1207,1497,3404,40000.0,35000.0,5-Year
Ohio,2021,39115,"Morgan County, Ohio",Morgan,OH,5629,1079,2050,2500,50000.0,45000.0,5-Year
Ohio,2022,39115,"Morgan County, Ohio",Morgan,OH,5657,1035,1676,2946,51417.7144393654,45859.7523219814,5-Year
Ohio,2010,39117,"Morrow County, Ohio",Morrow,OH,13232,1593,3053,8586,35000.0,35000.0,3-Year
Ohio,2012,39117,"Morrow County, Ohio",Morrow,OH,12629,1711,2682,8236,40000.0,35000.0,3-Year
Ohio,2014,39117,"Morrow County, Ohio",Morrow,OH,12640,1603,3351,7686,45000.0,35000.0,5-Year
Ohio,2016,39117,"Morrow County, Ohio",Morrow,OH,12606,1258,3594,7754,45000.0,40000.0,5-Year
Ohio,2018,39117,"Morrow County, Ohio",Morrow,OH,12650,1142,3806,7702,50000.0,40000.0,5-Year
Ohio,2019,39117,"Morrow County, Ohio",Morrow,OH,12922,1065,3698,8159,50000.0,40000.0,5-Year
Ohio,2021,39117,"Morrow County, Ohio",Morrow,OH,13048,1122,3070,8856,50000.0,50000.0,5-Year
Ohio,2022,39117,"Morrow County, Ohio",Morrow,OH,13222,1250,3422,8550,57819.3232553324,50904.0,5-Year
Ohio,2010,39119,"Muskingum County, Ohio",Muskingum,OH,34238,5565,7226,21447,30000.0,30000.0,1-Year
Ohio,2012,39119,"Muskingum County, Ohio",Muskingum,OH,33675,6233,8304,19138,35000.0,30000.0,1-Year
Ohio,2014,39119,"Muskingum County, Ohio",Muskingum,OH,33921,6267,9326,18328,40000.0,30000.0,1-Year
Ohio,2016,39119,"Muskingum County, Ohio",Muskingum,OH,34169,4525,9843,19801,35000.0,35000.0,1-Year
Ohio,2018,39119,"Muskingum County, Ohio",Muskingum,OH,34471,5842,8225,20404,40000.0,35000.0,1-Year
Ohio,2019,39119,"Muskingum County, Ohio",Muskingum,OH,33342,4962,8038,20342,40000.0,35000.0,1-Year
Ohio,2021,39119,"Muskingum County, Ohio",Muskingum,OH,33876,5424,10468,17984,50000.0,40000.0,1-Year
Ohio,2022,39119,"Muskingum County, Ohio",Muskingum,OH,35912,5340,9160,21412,47283.8452005144,45378.6969667414,1-Year
Ohio,2010,39121,"Noble County, Ohio",Noble,OH,4904,826,1178,2900,35000.0,30000.0,5-Year
Ohio,2012,39121,"Noble County, Ohio",Noble,OH,4804,657,1857,2290,50000.0,30000.0,5-Year
Ohio,2014,39121,"Noble County, Ohio",Noble,OH,4916,689,1964,2263,45000.0,35000.0,5-Year
Ohio,2016,39121,"Noble County, Ohio",Noble,OH,4863,595,1868,2400,50000.0,35000.0,5-Year
Ohio,2018,39121,"Noble County, Ohio",Noble,OH,4967,610,1807,2550,60000.0,35000.0,5-Year
Ohio,2019,39121,"Noble County, Ohio",Noble,OH,5067,584,1434,3049,45000.0,35000.0,5-Year
Ohio,2021,39121,"Noble County, Ohio",Noble,OH,4608,695,1483,2430,50000.0,40000.0,5-Year
Ohio,2022,39121,"Noble County, Ohio",Noble,OH,4545,731,1492,2322,59255.2,45977.7443729904,5-Year
Ohio,2010,39123,"Ottawa County, Ohio",Ottawa,OH,17385,1655,4086,11644,35000.0,35000.0,3-Year
Ohio,2012,39123,"Ottawa County, Ohio",Ottawa,OH,17495,1692,3997,11806,35000.0,35000.0,3-Year
Ohio,2014,39123,"Ottawa County, Ohio",Ottawa,OH,17366,1574,3883,11909,35000.0,35000.0,5-Year
Ohio,2016,39123,"Ottawa County, Ohio",Ottawa,OH,17384,1658,4190,11536,40000.0,35000.0,5-Year
Ohio,2018,39123,"Ottawa County, Ohio",Ottawa,OH,17691,1626,4119,11946,40000.0,40000.0,5-Year
Ohio,2019,39123,"Ottawa County, Ohio",Ottawa,OH,18051,1697,4180,12174,40000.0,40000.0,5-Year
Ohio,2021,39123,"Ottawa County, Ohio",Ottawa,OH,17930,1513,4262,12155,45000.0,45000.0,5-Year
Ohio,2022,39123,"Ottawa County, Ohio",Ottawa,OH,17995,1654,4114,12227,48308.6518959629,47603.1332116788,5-Year
Ohio,2010,39125,"Paulding County, Ohio",Paulding,OH,7661,856,1924,4881,35000.0,30000.0,5-Year
Ohio,2012,39125,"Paulding County, Ohio",Paulding,OH,7700,1068,1617,5015,35000.0,25000.0,5-Year
Ohio,2014,39125,"Paulding County, Ohio",Paulding,OH,7798,1075,1609,5114,35000.0,30000.0,5-Year
Ohio,2016,39125,"Paulding County, Ohio",Paulding,OH,7659,859,1651,5149,35000.0,30000.0,5-Year
Ohio,2018,39125,"Paulding County, Ohio",Paulding,OH,7770,897,1946,4927,40000.0,35000.0,5-Year
Ohio,2019,39125,"Paulding County, Ohio",Paulding,OH,7705,817,1676,5212,40000.0,35000.0,5-Year
Ohio,2021,39125,"Paulding County, Ohio",Paulding,OH,7480,665,2013,4802,45000.0,40000.0,5-Year
Ohio,2022,39125,"Paulding County, Ohio",Paulding,OH,7590,651,2087,4852,49589.5567322239,45347.2597741095,5-Year
Ohio,2010,39127,"Perry County, Ohio",Perry,OH,13660,2643,3077,7940,35000.0,30000.0,3-Year
Ohio,2012,39127,"Perry County, Ohio",Perry,OH,13656,2841,2936,7879,35000.0,30000.0,3-Year
Ohio,2014,39127,"Perry County, Ohio",Perry,OH,13637,2592,3644,7401,40000.0,35000.0,5-Year
Ohio,2016,39127,"Perry County, Ohio",Perry,OH,13535,2664,3302,7569,40000.0,35000.0,5-Year
Ohio,2018,39127,"Perry County, Ohio",Perry,OH,13547,2596,3448,7503,45000.0,40000.0,5-Year
Ohio,2019,39127,"Perry County, Ohio",Perry,OH,13500,2653,3214,7633,45000.0,40000.0,5-Year
Ohio,2021,39127,"Perry County, Ohio",Perry,OH,13071,2093,3437,7541,50000.0,45000.0,5-Year
Ohio,2022,39127,"Perry County, Ohio",Perry,OH,13371,2259,3398,7714,54515.328912746,44723.8201550388,5-Year
Ohio,2010,39129,"Pickaway County, Ohio",Pickaway,OH,19122,2287,5158,11677,40000.0,35000.0,3-Year
Ohio,2012,39129,"Pickaway County, Ohio",Pickaway,OH,19307,2270,5083,11954,45000.0,35000.0,3-Year
Ohio,2014,39129,"Pickaway County, Ohio",Pickaway,OH,19435,2174,5357,11904,45000.0,40000.0,5-Year
Ohio,2016,39129,"Pickaway County, Ohio",Pickaway,OH,19173,2173,5501,11499,50000.0,40000.0,5-Year
Ohio,2018,39129,"Pickaway County, Ohio",Pickaway,OH,19728,2378,4919,12431,50000.0,40000.0,5-Year
Ohio,2019,39129,"Pickaway County, Ohio",Pickaway,OH,19710,2456,4608,12646,50000.0,40000.0,5-Year
Ohio,2021,39129,"Pickaway County, Ohio",Pickaway,OH,20706,2866,6144,11696,60000.0,50000.0,5-Year
Ohio,2022,39129,"Pickaway County, Ohio",Pickaway,OH,21074,2821,5913,12340,61020.3524804178,50652.0,5-Year
Ohio,2010,39131,"Pike County, Ohio",Pike,OH,10689,2294,2412,5983,35000.0,30000.0,3-Year
Ohio,2012,39131,"Pike County, Ohio",Pike,OH,10865,2520,2497,5848,35000.0,30000.0,3-Year
Ohio,2014,39131,"Pike County, Ohio",Pike,OH,10944,2489,2826,5629,40000.0,35000.0,5-Year
Ohio,2016,39131,"Pike County, Ohio",Pike,OH,10908,2123,3054,5731,40000.0,35000.0,5-Year
Ohio,2018,39131,"Pike County, Ohio",Pike,OH,10822,1909,3444,5469,45000.0,40000.0,5-Year
Ohio,2019,39131,"Pike County, Ohio",Pike,OH,10959,1967,3176,5816,40000.0,40000.0,5-Year
Ohio,2021,39131,"Pike County, Ohio",Pike,OH,10478,2003,3192,5283,50000.0,40000.0,5-Year
Ohio,2022,39131,"Pike County, Ohio",Pike,OH,10495,2202,2878,5415,51401.4695195801,45095.4046997389,5-Year
Ohio,2010,39133,"Portage County, Ohio",Portage,OH,61526,9630,12525,39371,35000.0,35000.0,1-Year
Ohio,2012,39133,"Portage County, Ohio",Portage,OH,59712,9184,11847,38681,40000.0,35000.0,1-Year
Ohio,2014,39133,"Portage County, Ohio",Portage,OH,61796,9706,15756,36334,45000.0,35000.0,1-Year
Ohio,2016,39133,"Portage County, Ohio",Portage,OH,62468,9344,17271,35853,45000.0,35000.0,1-Year
Ohio,2018,39133,"Portage County, Ohio",Portage,OH,60801,6688,16149,37964,50000.0,40000.0,1-Year
Ohio,2019,39133,"Portage County, Ohio",Portage,OH,61018,7404,18067,35547,50000.0,40000.0,1-Year
Ohio,2021,39133,"Portage County, Ohio",Portage,OH,63096,8822,15530,38744,50000.0,45000.0,1-Year
Ohio,2022,39133,"Portage County, Ohio",Portage,OH,64437,8879,14912,40646,55083.8509620541,50196.0,1-Year
Ohio,2010,39135,"Preble County, Ohio",Preble,OH,16270,1599,3415,11256,35000.0,30000.0,3-Year
Ohio,2012,39135,"Preble County, Ohio",Preble,OH,16360,1654,4103,10603,35000.0,35000.0,3-Year
Ohio,2014,39135,"Preble County, Ohio",Preble,OH,16151,1949,3735,10467,35000.0,35000.0,5-Year
Ohio,2016,39135,"Preble County, Ohio",Preble,OH,16048,2050,3693,10305,40000.0,35000.0,5-Year
Ohio,2018,39135,"Preble County, Ohio",Preble,OH,16090,1937,3233,10920,40000.0,35000.0,5-Year
Ohio,2019,39135,"Preble County, Ohio",Preble,OH,16251,1718,3205,11328,40000.0,35000.0,5-Year
Ohio,2021,39135,"Preble County, Ohio",Preble,OH,16648,1727,3773,11148,45000.0,40000.0,5-Year
Ohio,2022,39135,"Preble County, Ohio",Preble,OH,16606,1745,4072,10789,50280.3801897467,45450.4842681259,5-Year
Ohio,2010,39137,"Putnam County, Ohio",Putnam,OH,13139,1094,2490,9555,35000.0,30000.0,3-Year
Ohio,2012,39137,"Putnam County, Ohio",Putnam,OH,12982,775,2577,9630,35000.0,30000.0,3-Year
Ohio,2014,39137,"Putnam County, Ohio",Putnam,OH,13006,787,2767,9452,40000.0,30000.0,5-Year
Ohio,2016,39137,"Putnam County, Ohio",Putnam,OH,13092,991,2865,9236,40000.0,35000.0,5-Year
Ohio,2018,39137,"Putnam County, Ohio",Putnam,OH,13236,919,2550,9767,40000.0,40000.0,5-Year
Ohio,2019,39137,"Putnam County, Ohio",Putnam,OH,13327,1020,2157,10150,40000.0,35000.0,5-Year
Ohio,2021,39137,"Putnam County, Ohio",Putnam,OH,13158,928,3052,9178,50000.0,45000.0,5-Year
Ohio,2022,39137,"Putnam County, Ohio",Putnam,OH,13191,1027,2539,9625,52365.1858864028,44950.4657252888,5-Year
Ohio,2010,39139,"Richland County, Ohio",Richland,OH,47654,5849,12663,29142,35000.0,30000.0,1-Year
Ohio,2012,39139,"Richland County, Ohio",Richland,OH,48529,7484,11994,29051,35000.0,30000.0,1-Year
Ohio,2014,39139,"Richland County, Ohio",Richland,OH,47378,6803,13418,27157,40000.0,30000.0,1-Year
Ohio,2016,39139,"Richland County, Ohio",Richland,OH,48437,7543,10988,29906,35000.0,35000.0,1-Year
Ohio,2018,39139,"Richland County, Ohio",Richland,OH,48105,7874,9374,30857,40000.0,35000.0,1-Year
Ohio,2019,39139,"Richland County, Ohio",Richland,OH,49812,6324,11395,32093,40000.0,35000.0,1-Year
Ohio,2021,39139,"Richland County, Ohio",Richland,OH,49536,7075,15477,26984,50000.0,40000.0,1-Year
Ohio,2022,39139,"Richland County, Ohio",Richland,OH,50248,7473,15024,27751,51196.9955986176,42403.5864592864,1-Year
Ohio,2010,39141,"Ross County, Ohio",Ross,OH,27943,4475,7515,15953,35000.0,30000.0,1-Year
Ohio,2012,39141,"Ross County, Ohio",Ross,OH,27948,5173,6328,16447,40000.0,30000.0,1-Year
Ohio,2014,39141,"Ross County, Ohio",Ross,OH,27569,4928,8281,14360,40000.0,35000.0,1-Year
Ohio,2016,39141,"Ross County, Ohio",Ross,OH,28710,5331,6722,16657,40000.0,35000.0,1-Year
Ohio,2018,39141,"Ross County, Ohio",Ross,OH,29779,5821,7009,16949,40000.0,40000.0,1-Year
Ohio,2019,39141,"Ross County, Ohio",Ross,OH,28365,4432,7988,15945,45000.0,40000.0,1-Year
Ohio,2021,39141,"Ross County, Ohio",Ross,OH,29455,4674,8613,16168,50000.0,45000.0,5-Year
Ohio,2022,39141,"Ross County, Ohio",Ross,OH,29565,4622,8547,16396,52785.5471320269,46341.1187150838,5-Year
Ohio,2010,39143,"Sandusky County, Ohio",Sandusky,OH,23922,2603,5463,15856,35000.0,30000.0,3-Year
Ohio,2012,39143,"Sandusky County, Ohio",Sandusky,OH,23907,2926,5358,15623,35000.0,30000.0,3-Year
Ohio,2014,39143,"Sandusky County, Ohio",Sandusky,OH,23831,3262,5073,15496,35000.0,30000.0,5-Year
Ohio,2016,39143,"Sandusky County, Ohio",Sandusky,OH,23666,3119,5094,15453,35000.0,35000.0,5-Year
Ohio,2018,39143,"Sandusky County, Ohio",Sandusky,OH,23562,3152,5178,15232,40000.0,35000.0,5-Year
Ohio,2019,39143,"Sandusky County, Ohio",Sandusky,OH,23574,2834,4986,15754,40000.0,35000.0,5-Year
Ohio,2021,39143,"Sandusky County, Ohio",Sandusky,OH,23797,3020,6361,14416,45000.0,45000.0,5-Year
Ohio,2022,39143,"Sandusky County, Ohio",Sandusky,OH,24038,3149,5974,14915,48127.299924335,45936.0,5-Year
Ohio,2010,39145,"Scioto County, Ohio",Scioto,OH,29414,5670,7681,16063,35000.0,30000.0,1-Year
Ohio,2012,39145,"Scioto County, Ohio",Scioto,OH,28927,6224,8203,14500,40000.0,30000.0,1-Year
Ohio,2014,39145,"Scioto County, Ohio",Scioto,OH,30790,7808,6262,16720,35000.0,35000.0,1-Year
Ohio,2016,39145,"Scioto County, Ohio",Scioto,OH,29904,6606,6395,16903,35000.0,35000.0,1-Year
Ohio,2018,39145,"Scioto County, Ohio",Scioto,OH,28719,7328,7833,13558,45000.0,35000.0,1-Year
Ohio,2019,39145,"Scioto County, Ohio",Scioto,OH,29319,6862,5295,17162,40000.0,35000.0,1-Year
Ohio,2021,39145,"Scioto County, Ohio",Scioto,OH,27496,7235,8177,12084,50000.0,45000.0,1-Year
Ohio,2022,39145,"Scioto County, Ohio",Scioto,OH,29715,7411,7462,14842,48448.2617523938,45538.4764890282,1-Year
Ohio,2010,39147,"Seneca County, Ohio",Seneca,OH,22117,2495,5012,14610,30000.0,30000.0,3-Year
Ohio,2012,39147,"Seneca County, Ohio",Seneca,OH,21792,3288,5258,13246,35000.0,30000.0,3-Year
Ohio,2014,39147,"Seneca County, Ohio",Seneca,OH,21539,3118,4537,13884,35000.0,30000.0,5-Year
Ohio,2016,39147,"Seneca County, Ohio",Seneca,OH,21349,2851,5517,12981,40000.0,35000.0,5-Year
Ohio,2018,39147,"Seneca County, Ohio",Seneca,OH,21652,2830,5287,13535,40000.0,35000.0,5-Year
Ohio,2019,39147,"Seneca County, Ohio",Seneca,OH,21648,2640,5027,13981,40000.0,35000.0,5-Year
Ohio,2021,39147,"Seneca County, Ohio",Seneca,OH,21862,2566,5647,13649,45000.0,40000.0,5-Year
Ohio,2022,39147,"Seneca County, Ohio",Seneca,OH,21910,2502,5766,13642,49483.9216890595,44928.7566878981,5-Year
Ohio,2010,39149,"Shelby County, Ohio",Shelby,OH,18377,2018,4045,12314,35000.0,30000.0,3-Year
Ohio,2012,39149,"Shelby County, Ohio",Shelby,OH,18508,2252,3515,12741,35000.0,30000.0,3-Year
Ohio,2014,39149,"Shelby County, Ohio",Shelby,OH,18616,2103,3458,13055,35000.0,30000.0,5-Year
Ohio,2016,39149,"Shelby County, Ohio",Shelby,OH,18428,1616,4004,12808,40000.0,35000.0,5-Year
Ohio,2018,39149,"Shelby County, Ohio",Shelby,OH,18643,1497,3905,13241,40000.0,35000.0,5-Year
Ohio,2019,39149,"Shelby County, Ohio",Shelby,OH,18608,1468,3784,13356,40000.0,35000.0,5-Year
Ohio,2021,39149,"Shelby County, Ohio",Shelby,OH,18429,1798,4744,11887,50000.0,45000.0,5-Year
Ohio,2022,39149,"Shelby County, Ohio",Shelby,OH,18599,1801,4136,12662,51410.0382070914,45616.7151185387,5-Year
Ohio,2010,39151,"Stark County, Ohio",Stark,OH,149122,18744,38003,92375,35000.0,30000.0,1-Year
Ohio,2012,39151,"Stark County, Ohio",Stark,OH,150470,20166,43571,86733,40000.0,35000.0,1-Year
Ohio,2014,39151,"Stark County, Ohio",Stark,OH,149011,20515,38512,89984,40000.0,35000.0,1-Year
Ohio,2016,39151,"Stark County, Ohio",Stark,OH,152129,19173,34901,98055,40000.0,35000.0,1-Year
Ohio,2018,39151,"Stark County, Ohio",Stark,OH,152210,20696,35590,95924,40000.0,35000.0,1-Year
Ohio,2019,39151,"Stark County, Ohio",Stark,OH,154280,20247,35390,98643,40000.0,40000.0,1-Year
Ohio,2021,39151,"Stark County, Ohio",Stark,OH,156111,18953,40622,96536,45000.0,45000.0,1-Year
Ohio,2022,39151,"Stark County, Ohio",Stark,OH,155070,19004,41170,94896,51181.3553007255,46112.8324178671,1-Year
Ohio,2010,39153,"Summit County, Ohio",Summit,OH,219997,30788,50352,138857,35000.0,30000.0,1-Year
Ohio,2012,39153,"Summit County, Ohio",Summit,OH,221175,34633,46168,140374,35000.0,35000.0,1-Year
Ohio,2014,39153,"Summit County, Ohio",Summit,OH,221568,29215,55320,137033,40000.0,35000.0,1-Year
Ohio,2016,39153,"Summit County, Ohio",Summit,OH,222202,29253,52988,139961,40000.0,35000.0,1-Year
Ohio,2018,39153,"Summit County, Ohio",Summit,OH,226243,26453,50166,149624,40000.0,40000.0,1-Year
Ohio,2019,39153,"Summit County, Ohio",Summit,OH,224629,30960,56214,137455,45000.0,40000.0,1-Year
Ohio,2021,39153,"Summit County, Ohio",Summit,OH,229060,30258,59489,139313,50000.0,45000.0,1-Year
Ohio,2022,39153,"Summit County, Ohio",Summit,OH,230471,29014,59911,141546,51851.0257686461,48200.9853402053,1-Year
Ohio,2010,39155,"Trumbull County, Ohio",Trumbull,OH,84492,13670,21336,49486,35000.0,30000.0,1-Year
Ohio,2012,39155,"Trumbull County, Ohio",Trumbull,OH,86992,14452,19426,53114,35000.0,30000.0,1-Year
Ohio,2014,39155,"Trumbull County, Ohio",Trumbull,OH,86855,15013,19641,52201,35000.0,35000.0,1-Year
Ohio,2016,39155,"Trumbull County, Ohio",Trumbull,OH,85799,15025,18451,52323,35000.0,35000.0,1-Year
Ohio,2018,39155,"Trumbull County, Ohio",Trumbull,OH,83303,15548,19520,48235,40000.0,35000.0,1-Year
Ohio,2019,39155,"Trumbull County, Ohio",Trumbull,OH,84159,13815,19437,50907,40000.0,35000.0,1-Year
Ohio,2021,39155,"Trumbull County, Ohio",Trumbull,OH,84911,13906,23582,47423,45000.0,45000.0,1-Year
Ohio,2022,39155,"Trumbull County, Ohio",Trumbull,OH,84721,13788,24228,46705,50820.737687212,44730.2832459118,1-Year
Ohio,2010,39157,"Tuscarawas County, Ohio",Tuscarawas,OH,34310,4536,9991,19783,35000.0,30000.0,1-Year
Ohio,2012,39157,"Tuscarawas County, Ohio",Tuscarawas,OH,36699,4102,8971,23626,35000.0,30000.0,1-Year
Ohio,2014,39157,"Tuscarawas County, Ohio",Tuscarawas,OH,37516,5440,8818,23258,40000.0,30000.0,1-Year
Ohio,2016,39157,"Tuscarawas County, Ohio",Tuscarawas,OH,34968,4652,8830,21486,40000.0,35000.0,1-Year
Ohio,2018,39157,"Tuscarawas County, Ohio",Tuscarawas,OH,36740,4484,10308,21948,45000.0,35000.0,1-Year
Ohio,2019,39157,"Tuscarawas County, Ohio",Tuscarawas,OH,36788,4020,9349,23419,40000.0,40000.0,1-Year
Ohio,2021,39157,"Tuscarawas County, Ohio",Tuscarawas,OH,38684,5329,10881,22474,50000.0,40000.0,1-Year
Ohio,2022,39157,"Tuscarawas County, Ohio",Tuscarawas,OH,38476,4436,11670,22370,49987.6423308774,46788.0,1-Year
Ohio,2010,39159,"Union County, Ohio",Union,OH,18184,1482,3469,13233,40000.0,30000.0,3-Year
Ohio,2012,39159,"Union County, Ohio",Union,OH,18208,1249,4225,12734,40000.0,35000.0,3-Year
Ohio,2014,39159,"Union County, Ohio",Union,OH,18291,1437,4592,12262,45000.0,35000.0,5-Year
Ohio,2016,39159,"Union County, Ohio",Union,OH,18798,1476,4074,13248,45000.0,35000.0,5-Year
Ohio,2018,39159,"Union County, Ohio",Union,OH,19546,1332,4077,14137,50000.0,40000.0,5-Year
Ohio,2019,39159,"Union County, Ohio",Union,OH,20212,1278,3716,15218,50000.0,40000.0,5-Year
Ohio,2021,39159,"Union County, Ohio",Union,OH,21654,1048,4357,16249,60000.0,45000.0,5-Year
Ohio,2022,39159,"Union County, Ohio",Union,OH,22644,1190,4368,17086,62069.4043679682,50076.0,5-Year
Ohio,2010,39161,"Van Wert County, Ohio",Van Wert,OH,11398,1134,2418,7846,30000.0,30000.0,3-Year
Ohio,2012,39161,"Van Wert County, Ohio",Van Wert,OH,11331,1261,2953,7117,35000.0,30000.0,3-Year
Ohio,2014,39161,"Van Wert County, Ohio",Van Wert,OH,11388,1331,2877,7180,35000.0,35000.0,5-Year
Ohio,2016,39161,"Van Wert County, Ohio",Van Wert,OH,11427,1318,2469,7640,35000.0,35000.0,5-Year
Ohio,2018,39161,"Van Wert County, Ohio",Van Wert,OH,11419,1312,2552,7555,40000.0,35000.0,5-Year
Ohio,2019,39161,"Van Wert County, Ohio",Van Wert,OH,11544,1347,2356,7841,40000.0,35000.0,5-Year
Ohio,2021,39161,"Van Wert County, Ohio",Van Wert,OH,11553,1194,2677,7682,45000.0,40000.0,5-Year
Ohio,2022,39161,"Van Wert County, Ohio",Van Wert,OH,11666,1059,2843,7764,48625.5053125772,43604.9630459127,5-Year
Ohio,2010,39163,"Vinton County, Ohio",Vinton,OH,5349,1083,1494,2772,35000.0,30000.0,5-Year
Ohio,2012,39163,"Vinton County, Ohio",Vinton,OH,5313,1089,1411,2813,35000.0,30000.0,5-Year
Ohio,2014,39163,"Vinton County, Ohio",Vinton,OH,5137,1022,1636,2479,40000.0,35000.0,5-Year
Ohio,2016,39163,"Vinton County, Ohio",Vinton,OH,4942,942,1395,2605,40000.0,35000.0,5-Year
Ohio,2018,39163,"Vinton County, Ohio",Vinton,OH,5111,1020,1355,2736,40000.0,35000.0,5-Year
Ohio,2019,39163,"Vinton County, Ohio",Vinton,OH,5140,960,1326,2854,40000.0,35000.0,5-Year
Ohio,2021,39163,"Vinton County, Ohio",Vinton,OH,5052,929,1536,2587,50000.0,40000.0,5-Year
Ohio,2022,39163,"Vinton County, Ohio",Vinton,OH,5104,972,1431,2701,49107.4954954955,46584.0,5-Year
Ohio,2010,39165,"Warren County, Ohio",Warren,OH,74843,3688,20734,50421,50000.0,40000.0,1-Year
Ohio,2012,39165,"Warren County, Ohio",Warren,OH,77718,4763,18171,54784,50000.0,40000.0,1-Year
Ohio,2014,39165,"Warren County, Ohio",Warren,OH,79096,3711,18855,56530,50000.0,40000.0,1-Year
Ohio,2016,39165,"Warren County, Ohio",Warren,OH,82404,5071,18826,58507,50000.0,45000.0,1-Year
Ohio,2018,39165,"Warren County, Ohio",Warren,OH,83540,4556,19237,59747,60000.0,45000.0,1-Year
Ohio,2019,39165,"Warren County, Ohio",Warren,OH,84460,3996,19535,60929,60000.0,50000.0,1-Year
Ohio,2021,39165,"Warren County, Ohio",Warren,OH,89396,4746,16450,68200,60000.0,50000.0,1-Year
Ohio,2022,39165,"Warren County, Ohio",Warren,OH,93817,6112,21353,66352,67305.5906459963,55980.0,1-Year
Ohio,2010,39167,"Washington County, Ohio",Washington,OH,25202,3959,4622,16621,30000.0,30000.0,3-Year
Ohio,2012,39167,"Washington County, Ohio",Washington,OH,24652,3720,6523,14409,35000.0,35000.0,3-Year
Ohio,2014,39167,"Washington County, Ohio",Washington,OH,24923,4134,7018,13771,40000.0,35000.0,5-Year
Ohio,2016,39167,"Washington County, Ohio",Washington,OH,25306,4084,5824,15398,35000.0,35000.0,5-Year
Ohio,2018,39167,"Washington County, Ohio",Washington,OH,25139,4001,5865,15273,40000.0,35000.0,5-Year
Ohio,2019,39167,"Washington County, Ohio",Washington,OH,25197,3752,5918,15527,40000.0,35000.0,5-Year
Ohio,2021,39167,"Washington County, Ohio",Washington,OH,24435,3426,7041,13968,45000.0,45000.0,5-Year
Ohio,2022,39167,"Washington County, Ohio",Washington,OH,24622,3564,7104,13954,50072.1801845556,46661.6186503068,5-Year
Ohio,2010,39169,"Wayne County, Ohio",Wayne,OH,41530,4786,9555,27189,35000.0,30000.0,1-Year
Ohio,2012,39169,"Wayne County, Ohio",Wayne,OH,42246,5092,10614,26540,40000.0,30000.0,1-Year
Ohio,2014,39169,"Wayne County, Ohio",Wayne,OH,42830,6099,9880,26851,40000.0,35000.0,1-Year
Ohio,2016,39169,"Wayne County, Ohio",Wayne,OH,43277,5292,10212,27773,40000.0,35000.0,1-Year
Ohio,2018,39169,"Wayne County, Ohio",Wayne,OH,43908,3323,11537,29048,45000.0,35000.0,1-Year
Ohio,2019,39169,"Wayne County, Ohio",Wayne,OH,44589,4372,11818,28399,45000.0,40000.0,1-Year
Ohio,2021,39169,"Wayne County, Ohio",Wayne,OH,44215,3873,13016,27326,50000.0,45000.0,1-Year
Ohio,2022,39169,"Wayne County, Ohio",Wayne,OH,44042,4586,12578,26878,57084.5138083538,46920.0,1-Year
Ohio,2010,39171,"Williams County, Ohio",Williams,OH,14933,1659,3408,9866,30000.0,30000.0,3-Year
Ohio,2012,39171,"Williams County, Ohio",Williams,OH,14741,1963,4138,8640,35000.0,30000.0,3-Year
Ohio,2014,39171,"Williams County, Ohio",Williams,OH,15001,2027,3998,8976,35000.0,35000.0,5-Year
Ohio,2016,39171,"Williams County, Ohio",Williams,OH,15077,1978,3872,9227,35000.0,35000.0,5-Year
Ohio,2018,39171,"Williams County, Ohio",Williams,OH,15246,1761,4144,9341,40000.0,35000.0,5-Year
Ohio,2019,39171,"Williams County, Ohio",Williams,OH,15090,1381,3819,9890,40000.0,35000.0,5-Year
Ohio,2021,39171,"Williams County, Ohio",Williams,OH,15261,1536,4304,9421,45000.0,40000.0,5-Year
Ohio,2022,39171,"Williams County, Ohio",Williams,OH,15381,1583,4054,9744,47645.6345121274,43930.2572614108,5-Year
Ohio,2010,39173,"Wood County, Ohio",Wood,OH,47242,6427,10545,30270,35000.0,30000.0,1-Year
Ohio,2012,39173,"Wood County, Ohio",Wood,OH,50219,7178,11445,31596,40000.0,30000.0,1-Year
Ohio,2014,39173,"Wood County, Ohio",Wood,OH,50731,7719,11533,31479,40000.0,35000.0,1-Year
Ohio,2016,39173,"Wood County, Ohio",Wood,OH,50175,5796,10283,34096,40000.0,35000.0,1-Year
Ohio,2018,39173,"Wood County, Ohio",Wood,OH,50694,6654,11065,32975,45000.0,40000.0,1-Year
Ohio,2019,39173,"Wood County, Ohio",Wood,OH,51353,6026,10720,34607,45000.0,40000.0,1-Year
Ohio,2021,39173,"Wood County, Ohio",Wood,OH,54012,7414,11226,35372,45000.0,45000.0,1-Year
Ohio,2022,39173,"Wood County, Ohio",Wood,OH,55064,7718,12004,35342,49287.3114369501,47541.257918552,1-Year
Ohio,2010,39175,"Wyandot County, Ohio",Wyandot,OH,9179,889,1926,6364,30000.0,30000.0,3-Year
Ohio,2012,39175,"Wyandot County, Ohio",Wyandot,OH,9408,997,2295,6116,35000.0,30000.0,3-Year
Ohio,2014,39175,"Wyandot County, Ohio",Wyandot,OH,9327,1138,2126,6063,35000.0,35000.0,5-Year
Ohio,2016,39175,"Wyandot County, Ohio",Wyandot,OH,9144,1068,1974,6102,35000.0,35000.0,5-Year
Ohio,2018,39175,"Wyandot County, Ohio",Wyandot,OH,9076,963,2203,5910,40000.0,35000.0,5-Year
Ohio,2019,39175,"Wyandot County, Ohio",Wyandot,OH,9081,853,2169,6059,40000.0,35000.0,5-Year
Ohio,2021,39175,"Wyandot County, Ohio",Wyandot,OH,9036,828,2423,5785,45000.0,40000.0,5-Year
Ohio,2022,39175,"Wyandot County, Ohio",Wyandot,OH,8982,784,2301,5897,48559.5913212435,43771.8602993585,5-Year
